id,first_name,last_name,email,gender,ip_address
1,Jeni,Arkley,jarkley0@earthlink.net,Male,184.114.209.255
2,Andy,Archard,aarchard1@people.com.cn,Male,7.54.68.172
3,Sallee,Billes,sbilles2@baidu.com,Female,158.215.196.106
4,Addia,Lacrouts,alacrouts3@usgs.gov,Male,14.4.69.6
5,Hertha,Ipwell,hipwell4@yahoo.com,Female,227.41.100.143
6,Dene,Father,dfather5@bloglines.com,Male,97.225.10.157
7,Cary,Fasset,cfasset6@cdbaby.com,Male,6.149.204.44
8,Clare,Geake,cgeake7@purevolume.com,Female,153.67.104.19
9,Marisa,Kenford,mkenford8@flickr.com,Male,179.55.217.212
10,Modesty,Guisot,mguisot9@nyu.edu,Male,124.34.152.153
11,Steffane,Orritt,sorritta@fotki.com,Male,255.84.20.217
12,Deirdre,Caudelier,dcaudelierb@google.nl,Female,211.223.111.38
13,Lilah,Shotboult,lshotboultc@google.com.br,Female,218.166.115.37
14,Gorden,Angeli,gangelid@ucoz.ru,Female,157.88.238.79
15,Karna,Faunch,kfaunche@sun.com,Female,159.135.56.11
16,Farand,Wickwar,fwickwarf@sfgate.com,Female,193.82.132.215
17,Merissa,Gave,mgaveg@stanford.edu,Male,254.55.113.8
18,Gustave,Stoney,gstoneyh@wikispaces.com,Female,68.180.159.16
19,Rorke,Bootell,rbootelli@aol.com,Female,30.221.133.189
20,Giuseppe,Andriveaux,gandriveauxj@prweb.com,Female,73.196.178.218
21,Bunnie,Blackie,bblackiek@bloglovin.com,Female,171.24.168.23
22,Cynthea,Culy,cculyl@networkadvertising.org,Male,43.83.60.79
23,Rheta,Collyear,rcollyearm@geocities.jp,Non-binary,53.138.39.38
24,Barbabas,Brockhouse,bbrockhousen@amazon.co.uk,Male,155.126.33.201
25,Spike,Bhar,sbharo@rediff.com,Female,99.118.60.138
26,Fayina,Fernehough,ffernehoughp@google.it,Female,197.117.95.199
27,Tripp,Linne,tlinneq@sohu.com,Genderqueer,252.170.251.151
28,Jarib,Winfred,jwinfredr@fema.gov,Male,5.37.154.110
29,Ashlen,Lindman,alindmans@sfgate.com,Male,243.172.188.19
30,Genia,Dunsleve,gdunslevet@webeden.co.uk,Male,160.235.20.222
31,Sharona,Boughtflower,sboughtfloweru@harvard.edu,Male,45.150.21.85
32,Riccardo,Bosma,rbosmav@bravesites.com,Agender,194.198.243.82
33,Bernie,McPhelimey,bmcphelimeyw@last.fm,Male,251.226.164.27
34,Gabriellia,Fiddeman,gfiddemanx@google.ru,Female,193.58.25.200
35,Brynn,McGirl,bmcgirly@deliciousdays.com,Female,212.142.250.208
36,Marcile,Meeny,mmeenyz@youtube.com,Female,62.112.30.96
37,Mamie,Sharplin,msharplin10@mac.com,Male,138.156.237.216
38,Magdaia,Trubshaw,mtrubshaw11@paginegialle.it,Male,59.169.145.165
39,Berry,Sayward,bsayward12@baidu.com,Male,135.237.50.104
40,Viviyan,Privett,vprivett13@slashdot.org,Female,28.202.102.91
41,Teriann,Hitscher,thitscher14@cnn.com,Female,131.108.66.224
42,Dionisio,Pithcock,dpithcock15@dailymotion.com,Female,35.140.119.35
43,Frasier,Dabs,fdabs16@so-net.ne.jp,Female,252.171.91.160
44,Jelene,O'Cosgra,jocosgra17@elpais.com,Female,67.33.86.132
45,Trish,Camplen,tcamplen18@amazon.co.uk,Female,176.99.105.127
46,Gibbie,Ebi,gebi19@amazonaws.com,Male,21.24.56.179
47,Alejandra,Apps,aapps1a@comcast.net,Agender,104.5.100.153
48,Bertrando,Gilhespy,bgilhespy1b@un.org,Male,31.167.36.31
49,Joellyn,Hansill,jhansill1c@imgur.com,Female,51.64.73.110
50,Jerrold,L'argent,jlargent1d@jigsy.com,Female,65.71.172.1
51,Aurie,Daenen,adaenen1e@amazon.co.uk,Female,217.229.190.72
52,Chelsy,Apedaile,capedaile1f@umich.edu,Female,186.144.251.140
53,Oswald,Causon,ocauson1g@cargocollective.com,Female,175.127.151.122
54,Fred,Levins,flevins1h@woothemes.com,Female,129.183.181.235
55,Ezechiel,Beggi,ebeggi1i@bandcamp.com,Female,75.164.185.59
56,Sophronia,Deveraux,sdeveraux1j@wikispaces.com,Male,184.236.215.253
57,Bing,Hansman,bhansman1k@cpanel.net,Female,184.143.87.152
58,Silva,Goncalo,sgoncalo1l@woothemes.com,Agender,60.232.224.15
59,Sibella,Grahl,sgrahl1m@amazon.com,Male,52.242.216.229
60,Kyle,Normansell,knormansell1n@wisc.edu,Female,250.48.156.199
61,Scot,Jerche,sjerche1o@gravatar.com,Female,73.109.60.250
62,Luciano,Beardmore,lbeardmore1p@ezinearticles.com,Bigender,121.104.62.156
63,Brianne,Juliano,bjuliano1q@tumblr.com,Female,30.160.99.111
64,Duff,Auckland,dauckland1r@desdev.cn,Female,158.223.108.102
65,Brita,Midgely,bmidgely1s@gnu.org,Female,56.5.35.83
66,Sarge,Antram,santram1t@earthlink.net,Male,99.169.96.71
67,Efren,Salan,esalan1u@macromedia.com,Female,64.151.222.102
68,Edmund,Elwel,eelwel1v@sina.com.cn,Male,129.171.163.132
69,Freemon,Zavattiero,fzavattiero1w@so-net.ne.jp,Polygender,203.24.133.227
70,Tallou,Huison,thuison1x@cisco.com,Non-binary,239.192.111.179
71,Blinni,Reyner,breyner1y@jimdo.com,Male,82.114.211.253
72,Xaviera,Fullalove,xfullalove1z@netvibes.com,Polygender,53.53.115.62
73,Dara,Molloy,dmolloy20@scientificamerican.com,Male,246.231.49.5
74,Pembroke,Bonellie,pbonellie21@eepurl.com,Female,122.233.89.82
75,Constantino,Scholtz,cscholtz22@amazon.com,Male,211.127.242.225
76,Clea,Mylechreest,cmylechreest23@cnet.com,Polygender,231.105.101.204
77,Patrizius,Klempke,pklempke24@weibo.com,Female,81.245.217.77
78,Lyndel,Balke,lbalke25@mail.ru,Female,251.56.56.212
79,Natty,Grouvel,ngrouvel26@unc.edu,Male,156.4.127.212
80,Brande,Westwell,bwestwell27@cnn.com,Male,61.75.156.212
81,Brittani,Mival,bmival28@geocities.jp,Female,86.3.236.43
82,Thane,Nobes,tnobes29@netscape.com,Male,124.136.11.236
83,Franny,L' Anglois,flanglois2a@mozilla.org,Female,181.236.200.163
84,Muffin,Kalb,mkalb2b@yelp.com,Male,249.151.106.73
85,Zarah,Muddimer,zmuddimer2c@phpbb.com,Female,241.133.151.116
86,Merrily,Preble,mpreble2d@gmpg.org,Female,142.94.145.239
87,Melina,Rosenshine,mrosenshine2e@google.fr,Female,72.145.220.54
88,Alyce,Eayrs,aeayrs2f@google.fr,Male,124.167.193.31
89,Jessey,Quick,jquick2g@topsy.com,Female,17.139.3.214
90,Bobina,Morriarty,bmorriarty2h@github.com,Non-binary,7.39.123.249
91,Karissa,Allward,kallward2i@bloglovin.com,Female,189.227.28.147
92,Goddard,Arias,garias2j@china.com.cn,Female,219.153.23.5
93,Kiah,Chatel,kchatel2k@utexas.edu,Female,138.0.71.45
94,Joleen,Hartridge,jhartridge2l@ucla.edu,Male,27.233.50.25
95,Patten,Asipenko,pasipenko2m@vimeo.com,Female,133.132.62.236
96,Brok,Simnell,bsimnell2n@booking.com,Male,7.216.138.185
97,Timofei,Hamor,thamor2o@a8.net,Male,232.129.153.201
98,Hinda,Back,hback2p@miitbeian.gov.cn,Male,104.172.110.94
99,Davon,Lindholm,dlindholm2q@amazon.de,Polygender,44.22.134.164
100,Stanly,McGauhy,smcgauhy2r@wufoo.com,Male,170.134.89.190
101,Porty,Watsham,pwatsham2s@indiatimes.com,Agender,107.253.58.133
102,Krista,Gilgryst,kgilgryst2t@about.me,Non-binary,144.114.96.120
103,Sauncho,Baskerville,sbaskerville2u@newsvine.com,Female,102.141.221.67
104,Arlen,Germain,agermain2v@google.co.jp,Male,234.58.4.192
105,Siffre,Giddens,sgiddens2w@discovery.com,Female,10.61.175.157
106,Allx,Juhruke,ajuhruke2x@aol.com,Male,201.197.104.181
107,Inna,Beefon,ibeefon2y@aol.com,Male,126.188.190.8
108,Daryl,Timpany,dtimpany2z@cam.ac.uk,Male,218.88.75.156
109,Mickie,Noteyoung,mnoteyoung30@statcounter.com,Female,222.116.63.215
110,Atalanta,Wulfinger,awulfinger31@storify.com,Male,146.80.240.191
111,Shelley,Tonbridge,stonbridge32@cisco.com,Female,57.226.83.109
112,Fran,Woodstock,fwoodstock33@walmart.com,Female,81.242.5.83
113,Susi,Jacombs,sjacombs34@apache.org,Female,63.153.81.254
114,Natividad,Neeves,nneeves35@instagram.com,Male,136.92.84.133
115,Allianora,Amorine,aamorine36@parallels.com,Non-binary,76.86.73.161
116,Matteo,Vandrill,mvandrill37@ow.ly,Male,91.159.42.225
117,Carolann,Jertz,cjertz38@state.gov,Female,179.99.99.250
118,Teddy,Daffern,tdaffern39@oakley.com,Male,245.174.208.38
119,Rem,Bater,rbater3a@joomla.org,Female,44.28.229.43
120,Kerwinn,Fernan,kfernan3b@istockphoto.com,Male,18.157.202.183
121,Dari,Corstorphine,dcorstorphine3c@nasa.gov,Male,202.21.107.202
122,Darcy,Loosmore,dloosmore3d@economist.com,Male,221.122.151.94
123,Maxie,Treasaden,mtreasaden3e@epa.gov,Female,210.127.201.237
124,Kristal,Titchard,ktitchard3f@netscape.com,Male,247.32.86.252
125,Emelita,Butson,ebutson3g@sciencedaily.com,Female,109.194.34.131
126,Kent,Sarfat,ksarfat3h@tinyurl.com,Male,3.133.111.19
127,Oralle,Brandon,obrandon3i@washingtonpost.com,Male,23.173.124.254
128,Cathi,Purrington,cpurrington3j@dagondesign.com,Female,167.246.185.170
129,Barry,Gauden,bgauden3k@marriott.com,Male,112.83.55.206
130,Elinore,Stayte,estayte3l@shop-pro.jp,Male,47.226.139.29
131,Sondra,Lipson,slipson3m@surveymonkey.com,Female,148.157.243.57
132,Evita,Grinyer,egrinyer3n@squarespace.com,Female,176.120.32.177
133,Lamar,Moralee,lmoralee3o@nba.com,Genderqueer,111.177.206.153
134,Newton,Mudge,nmudge3p@about.com,Male,14.222.247.146
135,Kahlil,Sprionghall,ksprionghall3q@creativecommons.org,Female,141.33.234.15
136,Fiorenze,Mugg,fmugg3r@php.net,Female,147.191.91.239
137,Cyndy,Summersby,csummersby3s@google.co.jp,Bigender,12.249.248.181
138,Joya,Georg,jgeorg3t@google.co.jp,Male,239.233.223.14
139,Roderic,Parry,rparry3u@barnesandnoble.com,Female,244.73.180.253
140,Lowrance,Wendover,lwendover3v@blogs.com,Male,178.40.157.204
141,Janek,Di Angelo,jdiangelo3w@seattletimes.com,Female,170.185.2.122
142,Amory,Jeal,ajeal3x@yahoo.co.jp,Female,213.106.24.152
143,Yancey,Burr,yburr3y@histats.com,Non-binary,198.225.11.122
144,Gordan,Clemont,gclemont3z@sfgate.com,Female,142.72.3.160
145,Meridith,Krojn,mkrojn40@mediafire.com,Male,236.90.40.141
146,Bernhard,Trendle,btrendle41@ning.com,Male,69.136.19.49
147,Rozanne,Mawditt,rmawditt42@admin.ch,Male,80.202.155.159
148,Patrizius,Laycock,playcock43@chicagotribune.com,Female,209.12.225.163
149,Rip,Taylerson,rtaylerson44@walmart.com,Female,194.196.160.73
150,Justinn,Fend,jfend45@quantcast.com,Female,107.230.95.94
151,Blake,Churms,bchurms46@soundcloud.com,Male,89.169.145.195
152,Amabel,Bickerdicke,abickerdicke47@japanpost.jp,Female,232.114.214.25
153,Jocelin,Siddell,jsiddell48@rediff.com,Male,189.140.8.10
154,Ashbey,Duggon,aduggon49@g.co,Female,163.112.24.28
155,Josh,Waldren,jwaldren4a@go.com,Male,149.247.7.139
156,Brittne,Aird,baird4b@wsj.com,Female,107.245.68.108
157,Sunshine,Kerrod,skerrod4c@wikimedia.org,Female,93.109.120.3
158,Beatrix,Eliasen,beliasen4d@bizjournals.com,Male,40.152.181.203
159,Lynne,Sillitoe,lsillitoe4e@irs.gov,Male,147.52.100.16
160,Zorina,Crudgington,zcrudgington4f@tumblr.com,Male,49.253.32.48
161,Orran,Townrow,otownrow4g@weebly.com,Female,97.151.17.128
162,Burk,Blakiston,bblakiston4h@narod.ru,Female,71.172.58.105
163,Fae,Lewsie,flewsie4i@domainmarket.com,Female,66.49.34.22
164,Florrie,Sines,fsines4j@desdev.cn,Female,130.39.183.21
165,Muire,Cure,mcure4k@ebay.com,Female,66.87.129.61
166,Ferne,Mack,fmack4l@alexa.com,Male,39.125.44.104
167,Kathy,Woodall,kwoodall4m@google.it,Male,242.143.87.39
168,Rosamund,Cutforth,rcutforth4n@va.gov,Male,106.244.16.37
169,Beale,Mossman,bmossman4o@twitpic.com,Female,80.250.166.239
170,Russ,Blader,rblader4p@alexa.com,Female,17.85.74.135
171,Gretel,Tollet,gtollet4q@umich.edu,Female,15.176.15.207
172,Trixie,Buten,tbuten4r@wix.com,Male,166.97.20.32
173,Asa,Laban,alaban4s@ucoz.ru,Female,128.56.41.251
174,Elbert,Cayley,ecayley4t@bloomberg.com,Female,83.127.168.240
175,Noel,Sexon,nsexon4u@ovh.net,Female,183.248.238.204
176,Early,Hadlee,ehadlee4v@usda.gov,Male,233.169.227.33
177,Armando,Glassford,aglassford4w@free.fr,Male,127.80.67.253
178,Aleksandr,Greaterex,agreaterex4x@tumblr.com,Male,179.189.17.178
179,Debora,Crawshaw,dcrawshaw4y@zdnet.com,Female,202.45.17.176
180,Sanson,Pothbury,spothbury4z@shinystat.com,Male,47.63.128.219
181,Karola,Lum,klum50@umn.edu,Female,216.252.228.46
182,Ottilie,Cristofano,ocristofano51@timesonline.co.uk,Male,104.243.192.64
183,Isacco,Galtone,igaltone52@altervista.org,Male,124.207.85.124
184,Annamarie,Ishaki,aishaki53@tuttocitta.it,Male,228.161.134.121
185,Melita,Grubey,mgrubey54@digg.com,Female,148.238.204.77
186,Bevin,Mattei,bmattei55@nymag.com,Female,213.121.212.115
187,Catherin,Meffen,cmeffen56@economist.com,Female,88.37.84.236
188,Heinrik,Miner,hminer57@unc.edu,Female,234.63.103.15
189,Cecily,Girke,cgirke58@geocities.jp,Female,47.211.52.149
190,Julia,Knoton,jknoton59@slideshare.net,Female,230.187.167.133
191,Nataniel,Luparto,nluparto5a@delicious.com,Female,98.222.229.66
192,Lindsy,Butler,lbutler5b@princeton.edu,Female,249.166.32.207
193,Hall,Martinek,hmartinek5c@zdnet.com,Male,1.113.213.222
194,Emma,Pedlar,epedlar5d@amazonaws.com,Male,51.121.201.255
195,Stephannie,Pinchbeck,spinchbeck5e@wix.com,Bigender,112.36.64.252
196,Cissy,Lemmen,clemmen5f@elpais.com,Male,49.27.202.162
197,Lanna,Mitchley,lmitchley5g@adobe.com,Male,72.125.160.208
198,Gleda,Ladyman,gladyman5h@omniture.com,Female,154.92.167.185
199,Kiah,Faldoe,kfaldoe5i@whitehouse.gov,Bigender,102.55.40.147
200,Jacquenetta,Hegg,jhegg5j@biglobe.ne.jp,Female,213.30.4.201
201,Hector,Sudron,hsudron5k@loc.gov,Female,166.66.8.243
202,Martainn,Manueli,mmanueli5l@gravatar.com,Male,75.249.104.162
203,Manolo,Ellingford,mellingford5m@slate.com,Female,14.215.143.246
204,Cass,Hare,chare5n@people.com.cn,Female,127.137.153.106
205,Rozele,Srawley,rsrawley5o@rambler.ru,Male,162.206.79.160
206,Sibby,Aronowitz,saronowitz5p@cnet.com,Female,90.126.224.28
207,Alric,Westmore,awestmore5q@sakura.ne.jp,Male,2.55.176.84
208,Harrietta,Stoffers,hstoffers5r@1und1.de,Male,72.195.229.30
209,Lorianna,Marusic,lmarusic5s@youtu.be,Male,95.110.20.208
210,Tabbie,Masson,tmasson5t@reverbnation.com,Female,248.179.130.42
211,Carmelita,Savidge,csavidge5u@google.nl,Female,27.121.235.181
212,Mamie,Freckelton,mfreckelton5v@ca.gov,Male,160.27.14.149
213,Dot,Gherardini,dgherardini5w@flavors.me,Bigender,169.178.183.234
214,Gabi,Barajas,gbarajas5x@latimes.com,Male,118.66.122.35
215,Nickie,Fleischmann,nfleischmann5y@pinterest.com,Agender,1.225.34.58
216,Devin,Handover,dhandover5z@squarespace.com,Female,56.223.245.69
217,Saudra,Twigge,stwigge60@thetimes.co.uk,Female,118.153.135.219
218,Dedra,Boschmann,dboschmann61@tmall.com,Male,226.123.245.7
219,Laetitia,Dmitriev,ldmitriev62@icio.us,Male,236.156.15.164
220,Emlynne,Etuck,eetuck63@abc.net.au,Female,162.225.71.147
221,Cortney,Kleinstub,ckleinstub64@google.pl,Agender,155.82.190.218
222,Margarethe,Lagen,mlagen65@usatoday.com,Female,60.161.18.217
223,Charita,Beastall,cbeastall66@nymag.com,Female,194.204.214.108
224,Korie,Sumner,ksumner67@nationalgeographic.com,Female,103.145.58.137
225,Kris,Tosspell,ktosspell68@bandcamp.com,Female,199.170.165.173
226,Lynnea,Casotti,lcasotti69@blogspot.com,Male,29.244.147.167
227,Deck,Tankard,dtankard6a@alexa.com,Male,85.2.80.146
228,Kincaid,MacKellen,kmackellen6b@plala.or.jp,Male,26.27.168.7
229,Liuka,Gladdish,lgladdish6c@artisteer.com,Female,141.195.218.78
230,Wye,Vasilov,wvasilov6d@whitehouse.gov,Male,89.126.174.74
231,Hilde,Foster-Smith,hfostersmith6e@google.cn,Male,74.240.124.156
232,Andros,Iczokvitz,aiczokvitz6f@blinklist.com,Male,40.103.114.37
233,Tremayne,Jodrelle,tjodrelle6g@ted.com,Male,39.207.143.0
234,Howard,McGreay,hmcgreay6h@shop-pro.jp,Non-binary,157.148.205.190
235,Leandra,Graalman,lgraalman6i@wix.com,Female,22.107.170.221
236,Penrod,Witterick,pwitterick6j@linkedin.com,Male,89.15.230.31
237,Rex,Scottini,rscottini6k@yandex.ru,Female,91.105.60.164
238,Harli,Hinkins,hhinkins6l@printfriendly.com,Female,25.194.183.71
239,Collette,Pawle,cpawle6m@examiner.com,Male,30.59.126.241
240,Davy,Dulieu,ddulieu6n@bloglines.com,Male,167.188.58.82
241,Caryn,Crasford,ccrasford6o@ucoz.ru,Female,138.85.87.110
242,Roosevelt,Giraldez,rgiraldez6p@twitter.com,Female,94.58.169.18
243,Godfrey,Chetwin,gchetwin6q@pen.io,Female,202.84.242.110
244,Ynez,Sotworth,ysotworth6r@google.co.jp,Male,79.176.141.173
245,Artus,Reynoollds,areynoollds6s@drupal.org,Male,189.234.183.254
246,Cathy,Whistance,cwhistance6t@toplist.cz,Female,185.136.207.152
247,Carey,Sainteau,csainteau6u@csmonitor.com,Female,226.8.70.10
248,Risa,Pendle,rpendle6v@columbia.edu,Male,110.54.64.235
249,Brunhilde,Catton,bcatton6w@nbcnews.com,Male,124.226.235.223
250,Alfonso,Kerfut,akerfut6x@reddit.com,Female,49.157.159.84
251,Rosemarie,Mitchiner,rmitchiner6y@nydailynews.com,Male,132.36.210.126
252,Traver,Laise,tlaise6z@biblegateway.com,Male,15.7.128.87
253,Hilliary,Hutchason,hhutchason70@smh.com.au,Bigender,94.213.41.183
254,Charline,Durran,cdurran71@cdc.gov,Male,138.142.33.250
255,Nolana,Crofthwaite,ncrofthwaite72@bandcamp.com,Male,173.30.230.11
256,Alameda,Fenwick,afenwick73@nba.com,Female,66.213.85.242
257,Steward,Choldcroft,scholdcroft74@taobao.com,Male,173.123.160.106
258,Jarret,Dovermann,jdovermann75@msu.edu,Male,237.133.241.96
259,Ollie,Feria,oferia76@utexas.edu,Male,160.196.205.241
260,Cecilio,Ough,cough77@europa.eu,Male,117.165.22.26
261,Abraham,Pretty,apretty78@fotki.com,Male,219.40.130.90
262,Wiatt,Winny,wwinny79@vinaora.com,Male,208.252.153.79
263,Levon,Melloy,lmelloy7a@chicagotribune.com,Male,255.212.96.17
264,Joanna,Calafato,jcalafato7b@chron.com,Male,225.240.111.114
265,Cullen,Warret,cwarret7c@psu.edu,Female,44.54.14.175
266,Tamarah,Priestner,tpriestner7d@moonfruit.com,Female,75.47.98.5
267,Gleda,Kellegher,gkellegher7e@ustream.tv,Female,183.105.233.202
268,Barbette,Stonard,bstonard7f@netlog.com,Male,99.16.125.98
269,Rodger,Loude,rloude7g@yellowbook.com,Male,113.79.142.99
270,Chelsea,Cusiter,ccusiter7h@upenn.edu,Female,87.213.190.252
271,Mechelle,Hearl,mhearl7i@skyrock.com,Female,40.188.101.250
272,Yves,Lindroos,ylindroos7j@harvard.edu,Female,254.208.222.141
273,Hurleigh,McOwan,hmcowan7k@netlog.com,Female,208.51.35.255
274,Kiah,Riggoll,kriggoll7l@arizona.edu,Male,27.240.158.175
275,Luise,Graveson,lgraveson7m@miitbeian.gov.cn,Polygender,57.16.171.98
276,Consolata,Taig,ctaig7n@aboutads.info,Female,213.47.21.212
277,Gabey,Dewen,gdewen7o@prweb.com,Female,40.122.214.217
278,Aldin,Attenbarrow,aattenbarrow7p@nyu.edu,Male,141.34.182.181
279,Jonas,Hinnerk,jhinnerk7q@facebook.com,Genderfluid,216.51.59.134
280,Edee,MacEntee,emacentee7r@infoseek.co.jp,Male,38.115.199.216
281,Jon,Rigmand,jrigmand7s@amazonaws.com,Male,162.60.206.187
282,Dino,Gammade,dgammade7t@moonfruit.com,Female,46.138.107.99
283,Flinn,Sitwell,fsitwell7u@kickstarter.com,Male,103.40.47.132
284,Dorothy,Wallett,dwallett7v@flickr.com,Female,50.194.122.26
285,Giacopo,Woolens,gwoolens7w@theguardian.com,Female,119.14.162.117
286,Chane,Doget,cdoget7x@amazon.de,Male,141.125.102.92
287,Agatha,Bibey,abibey7y@sina.com.cn,Male,65.199.41.231
288,Judie,Yarnell,jyarnell7z@shop-pro.jp,Female,24.250.2.250
289,Ailsun,Manie,amanie80@yelp.com,Male,5.45.16.127
290,Sosanna,Breeder,sbreeder81@nytimes.com,Female,75.63.75.204
291,Ayn,Tootal,atootal82@forbes.com,Female,98.86.139.243
292,Cathy,Acres,cacres83@cisco.com,Female,63.151.170.251
293,Ruggiero,Seson,rseson84@51.la,Female,158.247.226.115
294,Sheffield,Oubridge,soubridge85@yahoo.co.jp,Female,57.232.21.14
295,Amalee,Belcham,abelcham86@mac.com,Female,95.123.77.108
296,Eada,Yanson,eyanson87@ucsd.edu,Female,225.8.28.100
297,Roxanne,Setchell,rsetchell88@odnoklassniki.ru,Male,129.126.114.77
298,Ilario,Dumbreck,idumbreck89@ifeng.com,Male,11.9.35.204
299,Olga,Schutze,oschutze8a@google.com.au,Female,190.200.67.17
300,Kippie,Gallacher,kgallacher8b@desdev.cn,Male,207.250.61.14
301,Annaliese,Ezzell,aezzell8c@stanford.edu,Male,97.154.180.216
302,Edita,Magson,emagson8d@360.cn,Male,144.83.4.53
303,Candis,Lemme,clemme8e@yolasite.com,Male,252.154.222.30
304,Maurizia,Domek,mdomek8f@tripod.com,Agender,136.167.99.146
305,Kathye,Izzat,kizzat8g@about.me,Male,138.199.16.43
306,Denny,Tidbury,dtidbury8h@tamu.edu,Male,187.26.30.149
307,Farleigh,Tejada,ftejada8i@illinois.edu,Female,252.226.42.5
308,Gawen,Broe,gbroe8j@moonfruit.com,Male,216.6.181.179
309,Nina,Sunock,nsunock8k@nba.com,Female,5.113.40.140
310,Morey,Evitts,mevitts8l@illinois.edu,Female,206.22.192.205
311,Goldie,Casbolt,gcasbolt8m@arstechnica.com,Male,128.152.159.64
312,Tome,Brilleman,tbrilleman8n@nih.gov,Male,95.17.41.46
313,Desiri,Ambrogio,dambrogio8o@aol.com,Male,39.194.80.29
314,Suzie,Frake,sfrake8p@discovery.com,Female,166.125.111.124
315,Nikola,Schiefersten,nschiefersten8q@marriott.com,Male,30.165.38.202
316,Dania,Ludwikiewicz,dludwikiewicz8r@photobucket.com,Female,113.192.107.140
317,Caterina,Longthorn,clongthorn8s@alexa.com,Female,249.195.59.164
318,Currey,Culbard,cculbard8t@marketwatch.com,Female,190.233.63.99
319,Poppy,O' Dooley,podooley8u@imdb.com,Male,146.212.168.115
320,Burty,Colliss,bcolliss8v@tumblr.com,Male,164.176.219.155
321,Janna,Zamora,jzamora8w@ifeng.com,Male,177.18.146.15
322,Berta,Deverille,bdeverille8x@nasa.gov,Female,108.225.63.49
323,Dagmar,Sambells,dsambells8y@bloglovin.com,Female,110.240.28.47
324,Isidor,Durgan,idurgan8z@diigo.com,Male,156.33.2.113
325,Cassie,Blyth,cblyth90@google.de,Female,52.122.179.29
326,Raynell,Whitnell,rwhitnell91@mit.edu,Female,42.155.123.10
327,Conrado,Biskupek,cbiskupek92@deviantart.com,Female,135.98.26.68
328,Domingo,Tourmell,dtourmell93@wired.com,Male,198.235.188.163
329,Sterne,Lindeman,slindeman94@springer.com,Female,134.47.39.179
330,Melanie,Linde,mlinde95@sohu.com,Male,159.2.187.68
331,Mildrid,Johnes,mjohnes96@freewebs.com,Female,145.202.82.85
332,Caesar,Grigoli,cgrigoli97@amazon.co.jp,Male,157.19.209.82
333,Drake,Mapples,dmapples98@unc.edu,Female,143.212.100.65
334,Bendite,Cattrell,bcattrell99@goodreads.com,Male,40.90.161.32
335,Evelyn,Burnie,eburnie9a@samsung.com,Female,195.73.138.15
336,Tim,McTavish,tmctavish9b@hc360.com,Female,119.200.10.58
337,Marys,Sherred,msherred9c@wp.com,Male,121.197.100.215
338,Eugenio,Mullinger,emullinger9d@nasa.gov,Female,189.220.141.40
339,Alvin,Guys,aguys9e@businessweek.com,Male,29.113.243.17
340,Alleen,Tofts,atofts9f@oaic.gov.au,Male,42.138.166.219
341,Dianne,Aven,daven9g@uiuc.edu,Female,150.28.99.152
342,Galvin,Ducker,gducker9h@slideshare.net,Male,191.24.92.196
343,Delano,Gostling,dgostling9i@mediafire.com,Genderqueer,241.121.233.238
344,Cally,Rycraft,crycraft9j@bizjournals.com,Male,137.242.106.79
345,Fairfax,Sangar,fsangar9k@webeden.co.uk,Female,196.155.248.90
346,Jorge,Brussell,jbrussell9l@tinyurl.com,Female,87.72.147.105
347,Brittani,Ebbett,bebbett9m@samsung.com,Male,16.180.47.130
348,Alfi,Faye,afaye9n@amazon.co.jp,Female,26.106.178.92
349,Maddalena,Banaszkiewicz,mbanaszkiewicz9o@exblog.jp,Male,3.141.38.25
350,Ruttger,Harriagn,rharriagn9p@economist.com,Polygender,46.7.60.225
351,Raphael,Stile,rstile9q@java.com,Female,67.225.149.130
352,Orazio,Doelle,odoelle9r@themeforest.net,Male,202.104.90.54
353,Codi,Kliesl,ckliesl9s@foxnews.com,Female,152.194.239.44
354,Gilly,Maddocks,gmaddocks9t@youtube.com,Male,231.101.1.166
355,Washington,Bohlin,wbohlin9u@ft.com,Female,38.143.96.153
356,Irwinn,Shepley,ishepley9v@eventbrite.com,Female,69.219.49.196
357,Mar,McCluskey,mmccluskey9w@so-net.ne.jp,Female,69.81.192.6
358,Henriette,Silbersak,hsilbersak9x@yahoo.com,Male,139.159.186.18
359,Lazarus,Baggs,lbaggs9y@tinyurl.com,Male,68.137.242.25
360,Reagen,Bloor,rbloor9z@ovh.net,Female,24.192.161.225
361,Dorie,Woolway,dwoolwaya0@marketwatch.com,Non-binary,128.90.217.65
362,Mag,Rodgerson,mrodgersona1@netlog.com,Male,39.77.194.149
363,Teresa,Burrass,tburrassa2@example.com,Male,49.4.187.214
364,Simeon,Camblin,scamblina3@wufoo.com,Female,164.42.100.75
365,Benny,Breakwell,bbreakwella4@odnoklassniki.ru,Agender,154.56.100.41
366,Diana,Hannabuss,dhannabussa5@goodreads.com,Male,241.119.176.175
367,Raphael,Lamps,rlampsa6@amazon.co.jp,Bigender,194.223.178.61
368,Justin,Mulvenna,jmulvennaa7@sfgate.com,Female,2.211.115.247
369,Jefferson,Caze,jcazea8@51.la,Female,63.113.118.34
370,Erich,Watmore,ewatmorea9@simplemachines.org,Male,77.48.40.237
371,Fredek,Stonary,fstonaryaa@ask.com,Female,192.76.217.72
372,Sorcha,Mattusov,smattusovab@topsy.com,Male,126.218.247.196
373,Robinson,McAless,rmcalessac@harvard.edu,Male,151.171.119.144
374,Hildegaard,Beckford,hbeckfordad@nsw.gov.au,Male,249.102.240.37
375,Cory,Haking,chakingae@indiegogo.com,Male,233.102.151.113
376,Marlin,Coldrick,mcoldrickaf@taobao.com,Male,223.27.139.120
377,Cazzie,Brimble,cbrimbleag@smh.com.au,Bigender,199.147.92.163
378,Kellen,Metcalf,kmetcalfah@ifeng.com,Male,66.42.180.15
379,Leighton,Simpkin,lsimpkinai@wordpress.com,Female,107.154.14.236
380,Taddeusz,Cobby,tcobbyaj@ebay.com,Female,149.57.191.11
381,Fletch,Fradson,ffradsonak@dell.com,Female,151.234.129.69
382,Mab,Wyson,mwysonal@guardian.co.uk,Polygender,53.1.166.98
383,Jacynth,Gabbidon,jgabbidonam@miibeian.gov.cn,Female,229.160.126.96
384,Loretta,Lowrey,llowreyan@tripod.com,Male,111.90.27.245
385,Celka,Baldetti,cbaldettiao@economist.com,Female,192.63.13.211
386,Jorie,Gawthrope,jgawthropeap@1und1.de,Male,12.65.104.27
387,Sue,Meneghelli,smeneghelliaq@cafepress.com,Female,163.124.187.8
388,Catherin,Follit,cfollitar@elegantthemes.com,Female,81.234.228.220
389,Laryssa,Kennewell,lkennewellas@icio.us,Male,194.197.0.27
390,Loren,Joy,ljoyat@alexa.com,Female,133.199.194.242
391,Blondell,Etheredge,betheredgeau@theatlantic.com,Female,137.137.27.211
392,Zacharie,Till,ztillav@friendfeed.com,Male,235.244.4.216
393,Lanny,Iban,libanaw@princeton.edu,Male,113.243.85.40
394,Archambault,Corbet,acorbetax@engadget.com,Female,251.253.54.128
395,Jarid,Balleine,jballeineay@bloglines.com,Male,71.234.142.224
396,Gilligan,Bronot,gbronotaz@prnewswire.com,Male,89.217.223.9
397,Cos,Bardey,cbardeyb0@google.cn,Female,16.84.107.109
398,Tessy,Ewbanche,tewbancheb1@list-manage.com,Male,141.107.95.40
399,Fifi,Mieville,fmievilleb2@woothemes.com,Male,13.150.19.16
400,Hayward,McCarroll,hmccarrollb3@ftc.gov,Male,93.168.234.77
401,Trudie,Moakes,tmoakesb4@jimdo.com,Male,97.156.80.179
402,Debby,Banstead,dbansteadb5@tinyurl.com,Male,186.240.252.38
403,Leigh,Aymerich,laymerichb6@slate.com,Male,176.89.107.178
404,Pace,Rainville,prainvilleb7@bloglines.com,Agender,13.161.153.59
405,Reg,MacGinlay,rmacginlayb8@newyorker.com,Female,61.216.76.6
406,Kendell,Lowman,klowmanb9@microsoft.com,Non-binary,184.92.129.79
407,Kelsy,Dreelan,kdreelanba@apple.com,Bigender,184.119.140.93
408,Alix,Donke,adonkebb@yahoo.co.jp,Male,237.253.51.137
409,Griselda,Jurczak,gjurczakbc@globo.com,Female,22.19.117.68
410,Dan,Barwise,dbarwisebd@ow.ly,Female,107.73.62.22
411,Alison,Stockwell,astockwellbe@cocolog-nifty.com,Male,205.35.198.79
412,Danita,Beves,dbevesbf@tripod.com,Female,31.115.139.209
413,Templeton,McNickle,tmcnicklebg@imdb.com,Male,88.112.246.250
414,Collie,Rubertelli,crubertellibh@over-blog.com,Male,218.57.138.21
415,Fleurette,Boshere,fbosherebi@marriott.com,Male,227.36.132.18
416,Nicolas,Iannello,niannellobj@livejournal.com,Female,173.21.173.69
417,Ilyse,Gooderick,igooderickbk@amazon.co.jp,Male,230.227.235.148
418,Laurie,Mance,lmancebl@so-net.ne.jp,Female,206.72.127.143
419,Webster,Ekkel,wekkelbm@adobe.com,Male,87.82.41.164
420,Marsiella,Phayre,mphayrebn@free.fr,Female,139.89.60.90
421,Jeniffer,Clare,jclarebo@example.com,Male,121.157.248.113
422,Launce,Stable,lstablebp@hubpages.com,Female,204.58.130.158
423,Carina,Bunclark,cbunclarkbq@epa.gov,Female,218.107.19.187
424,Mic,Dumbreck,mdumbreckbr@oakley.com,Female,197.69.3.150
425,Evy,Hiseman,ehisemanbs@unicef.org,Male,186.201.221.212
426,Leroy,O'Caherny,locahernybt@ucla.edu,Female,191.244.18.110
427,Madelle,Hackleton,mhackletonbu@rakuten.co.jp,Female,252.145.166.63
428,Wood,Heavy,wheavybv@psu.edu,Female,210.67.173.150
429,Poul,Fabb,pfabbbw@yahoo.com,Polygender,158.230.116.137
430,Charla,Mewis,cmewisbx@dropbox.com,Female,118.28.32.28
431,Thurstan,Staddon,tstaddonby@shop-pro.jp,Female,150.231.10.245
432,Cyndy,Klimecki,cklimeckibz@mlb.com,Female,217.42.99.200
433,Klarrisa,Weitzel,kweitzelc0@state.tx.us,Male,139.158.169.73
434,Burr,Prout,bproutc1@gnu.org,Male,198.105.185.67
435,Regan,Sproson,rsprosonc2@icq.com,Male,130.69.104.93
436,Chandra,Meaker,cmeakerc3@issuu.com,Female,228.48.89.216
437,Trent,Iacovozzo,tiacovozzoc4@symantec.com,Female,126.225.205.134
438,Reidar,Offiler,roffilerc5@hp.com,Genderqueer,242.203.130.220
439,Leola,Bussell,lbussellc6@hubpages.com,Non-binary,180.13.145.250
440,Darya,Russon,drussonc7@bluehost.com,Agender,27.172.23.131
441,Goddard,Kuhnke,gkuhnkec8@umn.edu,Female,79.133.7.132
442,Jacquelin,Breitling,jbreitlingc9@nifty.com,Male,118.142.225.229
443,Dew,Cuncliffe,dcuncliffeca@google.nl,Female,184.7.215.57
444,Harv,Josh,hjoshcb@go.com,Male,164.75.220.230
445,Cesar,Hanscome,chanscomecc@surveymonkey.com,Female,58.253.58.134
446,Lyle,McIlharga,lmcilhargacd@cyberchimps.com,Male,93.60.117.186
447,Larisa,Sawtell,lsawtellce@marketwatch.com,Female,199.143.199.149
448,Selle,Sloan,ssloancf@nytimes.com,Male,117.212.119.3
449,Sheffield,Stirland,sstirlandcg@stanford.edu,Male,247.171.220.71
450,Gannon,Allenson,gallensonch@dedecms.com,Male,19.202.233.4
451,Feliks,Bonney,fbonneyci@cnet.com,Male,42.134.58.174
452,Joshua,Angliss,janglisscj@berkeley.edu,Female,167.156.95.101
453,Caddric,Blight,cblightck@histats.com,Female,138.248.67.225
454,Felipe,Bartzen,fbartzencl@nymag.com,Male,28.46.172.88
455,Finn,Philipeau,fphilipeaucm@nature.com,Male,102.145.144.110
456,Talyah,Slowgrave,tslowgravecn@amazon.de,Male,71.84.15.68
457,Gaile,Mattea,gmatteaco@jalbum.net,Male,1.119.39.162
458,Hally,Prydden,hpryddencp@aboutads.info,Polygender,241.134.193.30
459,Dominique,Beacom,dbeacomcq@foxnews.com,Female,208.134.205.226
460,Harrie,Flagg,hflaggcr@booking.com,Male,206.62.0.44
461,Rana,Jeggo,rjeggocs@eepurl.com,Male,34.116.131.91
462,Theda,Upstell,tupstellct@ucla.edu,Female,64.105.151.53
463,Tedie,Scarlan,tscarlancu@telegraph.co.uk,Female,62.237.152.186
464,Dollie,Drinkel,ddrinkelcv@accuweather.com,Male,175.163.134.21
465,Suzanna,d'Escoffier,sdescoffiercw@senate.gov,Polygender,238.0.95.4
466,Brady,Merle,bmerlecx@imgur.com,Male,209.223.15.126
467,Gregoor,Haselden,ghaseldency@wired.com,Female,9.228.28.47
468,Izzy,Cowey,icoweycz@bloomberg.com,Female,216.14.220.38
469,Billie,Bridgestock,bbridgestockd0@woothemes.com,Male,124.146.3.117
470,Royal,Piwell,rpiwelld1@ehow.com,Female,218.106.45.235
471,Bibby,Fitzgerald,bfitzgeraldd2@salon.com,Male,126.17.114.183
472,Claribel,Coppin,ccoppind3@arizona.edu,Female,79.53.115.154
473,Delcine,Penhalurick,dpenhalurickd4@vimeo.com,Male,98.176.49.159
474,Blisse,Gosson,bgossond5@aboutads.info,Female,47.150.205.70
475,Conni,Hupka,chupkad6@twitpic.com,Female,116.144.169.119
476,Lucine,Piscopo,lpiscopod7@tiny.cc,Female,5.201.74.53
477,Branden,Kermit,bkermitd8@flickr.com,Female,74.26.60.254
478,Alaric,Iggo,aiggod9@geocities.jp,Agender,204.70.107.106
479,Cory,Hanalan,chanalanda@mayoclinic.com,Male,241.154.188.152
480,Francesco,Posthill,fposthilldb@scribd.com,Male,188.145.136.155
481,Mellisent,Earney,mearneydc@google.co.jp,Male,49.160.134.9
482,Torin,Sarl,tsarldd@instagram.com,Male,211.170.19.193
483,Leopold,Herries,lherriesde@hhs.gov,Female,174.165.239.174
484,Wolf,Sconce,wsconcedf@hubpages.com,Male,84.113.199.198
485,Katha,Townes,ktownesdg@imgur.com,Male,125.37.184.63
486,Roderigo,Rummings,rrummingsdh@etsy.com,Male,200.217.70.137
487,Lester,Lackemann,llackemanndi@wikia.com,Male,71.95.144.209
488,Denney,Hannibal,dhannibaldj@ebay.com,Female,139.136.0.127
489,Dolley,Tilford,dtilforddk@gnu.org,Female,116.63.49.46
490,Ladonna,Mugg,lmuggdl@upenn.edu,Male,158.25.114.49
491,Tremaine,Karczinski,tkarczinskidm@exblog.jp,Male,247.217.216.218
492,Gordie,Bachelor,gbachelordn@fc2.com,Female,74.135.213.138
493,Gaven,Yacob,gyacobdo@msn.com,Female,67.1.44.110
494,Ninnette,Sehorsch,nsehorschdp@squidoo.com,Female,96.116.169.162
495,Vonnie,Vardon,vvardondq@sfgate.com,Female,5.212.106.106
496,Salvador,Secker,sseckerdr@yolasite.com,Female,214.194.53.27
497,Nancie,Rubenovic,nrubenovicds@shareasale.com,Genderfluid,63.60.33.48
498,Jakob,Fassbindler,jfassbindlerdt@barnesandnoble.com,Male,125.171.108.199
499,Ilka,Mogenot,imogenotdu@fda.gov,Male,244.24.179.137
500,Bessie,Vance,bvancedv@vinaora.com,Female,117.35.166.111
501,Danila,Southern,dsoutherndw@bravesites.com,Female,43.102.66.110
502,Michel,Bramford,mbramforddx@guardian.co.uk,Female,159.200.109.119
503,Aldo,Taggert,ataggertdy@tamu.edu,Male,128.158.7.200
504,Iain,Alexander,ialexanderdz@geocities.com,Bigender,95.210.105.41
505,Tabbi,Mainland,tmainlande0@parallels.com,Female,88.77.0.49
506,Clementia,Gethins,cgethinse1@shareasale.com,Female,66.56.86.3
507,Dianemarie,Pitsall,dpitsalle2@typepad.com,Polygender,64.238.200.54
508,Cob,Nyssen,cnyssene3@bbb.org,Female,51.148.156.22
509,Barbara,Brendeke,bbrendekee4@homestead.com,Female,142.12.97.136
510,Mortimer,Prettyman,mprettymane5@cafepress.com,Male,6.110.41.96
511,Sibyl,Waterdrinker,swaterdrinkere6@utexas.edu,Female,186.179.26.164
512,Putnem,Ferier,pferiere7@people.com.cn,Female,42.225.93.131
513,Joey,Pitman,jpitmane8@whitehouse.gov,Male,66.152.51.46
514,Glynda,Woolmington,gwoolmingtone9@rambler.ru,Non-binary,168.103.22.201
515,Tildy,Grout,tgroutea@phpbb.com,Female,81.93.162.72
516,Lucienne,Nealey,lnealeyeb@virginia.edu,Female,140.15.13.134
517,Carlen,Gravy,cgravyec@state.tx.us,Polygender,100.220.197.147
518,Max,Trewhitt,mtrewhitted@ifeng.com,Male,45.219.43.176
519,Josiah,Emmins,jemminsee@xing.com,Male,103.227.159.16
520,Kris,Eddoes,keddoesef@youtube.com,Male,58.139.224.43
521,Brigham,Thayre,bthayreeg@usatoday.com,Female,70.215.75.22
522,Byron,Iskow,biskoweh@e-recht24.de,Female,198.59.129.149
523,Brnaby,Burt,bburtei@t.co,Male,236.143.234.191
524,Gabrielle,Hulland,ghullandej@cornell.edu,Male,219.103.86.9
525,Steffen,Gatheral,sgatheralek@artisteer.com,Female,15.121.131.120
526,Jane,Goreway,jgorewayel@telegraph.co.uk,Male,208.38.66.148
527,Derron,Bignell,dbignellem@zimbio.com,Male,58.101.21.14
528,Ugo,Finlow,ufinlowen@economist.com,Bigender,163.10.29.93
529,Ashla,Pikhno,apikhnoeo@shutterfly.com,Male,194.151.222.32
530,Harlie,Challes,hchallesep@dyndns.org,Female,103.174.55.111
531,Forester,McMakin,fmcmakineq@youtu.be,Female,125.221.236.59
532,Lib,Kiljan,lkiljaner@domainmarket.com,Female,177.9.230.88
533,Arturo,Keepe,akeepees@slideshare.net,Female,190.90.181.38
534,Emelda,Leivers,eleiverset@bing.com,Male,213.22.170.214
535,Syd,Prickett,spricketteu@printfriendly.com,Female,70.252.219.35
536,Cherri,McIlwaine,cmcilwaineev@independent.co.uk,Male,186.122.131.10
537,Olimpia,Barenskie,obarenskieew@mediafire.com,Female,142.93.62.193
538,Diena,Mewitt,dmewittex@virginia.edu,Male,237.111.114.93
539,Dehlia,Sendall,dsendalley@ted.com,Male,102.82.92.199
540,Sigfried,Bendell,sbendellez@cnet.com,Male,118.193.142.34
541,Shurlock,Gendrich,sgendrichf0@oracle.com,Female,174.107.157.112
542,Stanleigh,Lilleyman,slilleymanf1@time.com,Female,69.93.98.151
543,Aubrey,Pendre,apendref2@omniture.com,Male,140.218.25.83
544,Addi,Goodnow,agoodnowf3@twitter.com,Male,131.142.120.229
545,Anselm,Spry,aspryf4@discuz.net,Male,37.116.53.37
546,Bobby,Robson,brobsonf5@mysql.com,Male,14.168.145.27
547,Kristos,Hintzer,khintzerf6@boston.com,Male,232.160.182.120
548,Errol,Chown,echownf7@miitbeian.gov.cn,Male,26.154.203.206
549,Harriett,Geldert,hgeldertf8@unc.edu,Female,157.196.246.170
550,Olive,Dumbare,odumbaref9@gmpg.org,Agender,199.16.68.3
551,Daphna,Borrows,dborrowsfa@oracle.com,Female,40.51.163.98
552,Fey,Keepin,fkeepinfb@geocities.jp,Female,1.127.205.175
553,Herrick,Cobbe,hcobbefc@nbcnews.com,Female,161.114.100.136
554,Antonino,Frazer,afrazerfd@arstechnica.com,Male,249.150.185.67
555,Lindsey,Jaggard,ljaggardfe@163.com,Male,78.193.18.244
556,Blancha,Johanssen,bjohanssenff@oracle.com,Female,107.101.106.45
557,Shea,Kaming,skamingfg@howstuffworks.com,Female,230.43.118.62
558,Otis,Hayter,ohayterfh@over-blog.com,Male,58.208.96.24
559,Erminie,Crighton,ecrightonfi@hostgator.com,Male,207.178.139.180
560,Elizabet,Hatley,ehatleyfj@imgur.com,Male,102.0.213.158
561,Louisa,Brassington,lbrassingtonfk@fc2.com,Male,149.188.134.255
562,Quintilla,Rubenov,qrubenovfl@dailymail.co.uk,Genderfluid,138.18.142.103
563,Felicdad,Blitz,fblitzfm@moonfruit.com,Female,92.38.50.74
564,Bail,Tickle,bticklefn@prweb.com,Male,194.132.74.146
565,Baudoin,Steggles,bstegglesfo@issuu.com,Male,8.22.102.46
566,Tripp,Hallet,thalletfp@columbia.edu,Male,120.167.221.48
567,Ysabel,Merritt,ymerrittfq@wordpress.org,Male,20.113.40.33
568,Granville,Mussettini,gmussettinifr@slideshare.net,Male,158.85.161.122
569,Selby,Varley,svarleyfs@plala.or.jp,Genderfluid,191.174.209.53
570,Oralee,felip,ofelipft@github.com,Female,124.179.240.81
571,Farrah,Hark,fharkfu@yellowpages.com,Female,151.218.131.8
572,Darryl,Woodroof,dwoodrooffv@google.com.au,Genderqueer,36.32.137.26
573,Noemi,Dagnall,ndagnallfw@nature.com,Male,32.89.95.63
574,Kittie,Ullett,kullettfx@rediff.com,Male,8.180.54.71
575,Clarissa,Stratford,cstratfordfy@zimbio.com,Male,42.251.187.136
576,Adella,Moen,amoenfz@bravesites.com,Female,136.21.133.131
577,Kathe,Pardue,kpardueg0@samsung.com,Male,200.36.198.138
578,Constantine,Gillaspy,cgillaspyg1@delicious.com,Female,143.46.227.160
579,Sharla,Schultz,sschultzg2@forbes.com,Agender,37.38.189.142
580,Leroy,Illing,lillingg3@squidoo.com,Male,213.201.235.157
581,Laryssa,Kettow,lkettowg4@springer.com,Female,146.153.165.21
582,Harli,Corstorphine,hcorstorphineg5@wired.com,Male,248.185.222.168
583,Norbie,Baily,nbailyg6@washingtonpost.com,Bigender,72.188.94.155
584,Angel,Jankiewicz,ajankiewiczg7@digg.com,Female,77.159.85.104
585,Red,Darell,rdarellg8@liveinternet.ru,Female,41.244.213.26
586,Omar,Suatt,osuattg9@clickbank.net,Female,104.149.103.103
587,Nealon,Bollins,nbollinsga@vimeo.com,Female,186.84.185.95
588,Ara,Dillinger,adillingergb@eventbrite.com,Female,2.82.229.222
589,Lucius,Hensmans,lhensmansgc@booking.com,Male,67.56.217.84
590,Ermina,Grimoldby,egrimoldbygd@cpanel.net,Male,152.37.8.54
591,Sibylle,Conboy,sconboyge@ibm.com,Male,30.25.149.13
592,Dirk,Rushman,drushmangf@uiuc.edu,Male,220.180.114.203
593,Karly,Langfield,klangfieldgg@imageshack.us,Male,107.7.86.126
594,Garold,Ruilton,gruiltongh@t.co,Female,85.58.235.203
595,Bettina,Keatch,bkeatchgi@myspace.com,Male,93.225.1.122
596,Putnem,Altoft,paltoftgj@sourceforge.net,Female,63.32.208.173
597,Muhammad,Elwood,melwoodgk@princeton.edu,Male,148.125.89.49
598,Deloria,Piller,dpillergl@yelp.com,Male,141.173.145.19
599,Cortney,Langhorn,clanghorngm@google.de,Female,95.187.103.192
600,Dominga,Curzey,dcurzeygn@amazonaws.com,Male,3.188.254.55
601,Mari,Bowditch,mbowditchgo@forbes.com,Female,244.150.227.217
602,Fitz,Senussi,fsenussigp@globo.com,Female,228.190.200.1
603,Valentin,Purselowe,vpurselowegq@linkedin.com,Male,120.181.218.58
604,Dorette,MacCartney,dmaccartneygr@nbcnews.com,Male,105.81.46.15
605,Brenden,Ravenhill,bravenhillgs@angelfire.com,Non-binary,42.32.201.12
606,Rinaldo,Bickell,rbickellgt@discovery.com,Female,160.128.185.194
607,Annaliese,Poultney,apoultneygu@cdc.gov,Male,178.83.133.57
608,Susannah,Peyes,speyesgv@paginegialle.it,Female,175.164.110.16
609,Lorrie,Twitchings,ltwitchingsgw@psu.edu,Female,251.149.9.124
610,Nils,Lineen,nlineengx@blogtalkradio.com,Female,1.124.34.218
611,Marlon,Lydall,mlydallgy@icio.us,Male,44.244.58.102
612,Stefania,Alanbrooke,salanbrookegz@linkedin.com,Female,3.204.95.164
613,Cecelia,Ausiello,causielloh0@princeton.edu,Female,245.97.141.180
614,Elsa,Huyche,ehuycheh1@adobe.com,Female,202.35.23.218
615,Elspeth,Marunchak,emarunchakh2@surveymonkey.com,Female,135.204.70.156
616,Liza,McKennan,lmckennanh3@drupal.org,Female,14.33.43.160
617,Kalle,Gandley,kgandleyh4@mapquest.com,Female,90.58.241.232
618,Demetris,Issac,dissach5@google.ru,Female,2.58.105.119
619,Kacy,Hugonneau,khugonneauh6@globo.com,Male,226.23.31.2
620,Hollis,Marner,hmarnerh7@mapquest.com,Female,117.213.25.55
621,Haily,Swinn,hswinnh8@smugmug.com,Female,183.221.177.183
622,Kari,Oland,kolandh9@noaa.gov,Female,78.157.21.227
623,Tait,Tufts,ttuftsha@smh.com.au,Male,220.246.200.62
624,Arturo,Rouke,aroukehb@tuttocitta.it,Female,209.62.203.39
625,Harald,Woodcock,hwoodcockhc@odnoklassniki.ru,Male,185.232.239.213
626,Danice,Gillebride,dgillebridehd@unicef.org,Male,26.237.194.57
627,Braden,Orpwood,borpwoodhe@ifeng.com,Male,2.96.128.98
628,Giffie,Stocking,gstockinghf@rambler.ru,Male,76.5.184.63
629,Roy,Lennard,rlennardhg@dailymotion.com,Male,60.68.186.102
630,Lorry,Marzello,lmarzellohh@wsj.com,Male,61.21.141.118
631,Sharai,Platfoot,splatfoothi@earthlink.net,Female,75.237.102.1
632,Benn,Imlin,bimlinhj@jugem.jp,Male,139.206.211.48
633,Blane,Frain,bfrainhk@hao123.com,Male,35.160.114.0
634,Frederic,Hingeley,fhingeleyhl@macromedia.com,Male,121.129.27.169
635,Caril,Le Barre,clebarrehm@unc.edu,Female,144.204.8.228
636,Loise,Marsden,lmarsdenhn@tuttocitta.it,Male,134.185.60.143
637,Rania,Nevins,rnevinsho@uol.com.br,Polygender,15.171.195.176
638,Ira,Izsak,iizsakhp@goo.gl,Genderqueer,69.111.228.75
639,Regina,Wattam,rwattamhq@apache.org,Female,6.120.76.211
640,Alexia,Glasner,aglasnerhr@ox.ac.uk,Male,30.148.233.1
641,Jeannine,Clausen-Thue,jclausenthuehs@jiathis.com,Male,197.225.144.3
642,Charley,Ruddock,cruddockht@over-blog.com,Female,174.180.231.3
643,Justus,Antonchik,jantonchikhu@posterous.com,Male,132.176.1.53
644,Geoff,Faloon,gfaloonhv@de.vu,Female,138.95.111.19
645,Merola,Duckett,mducketthw@slideshare.net,Male,81.169.128.45
646,Terence,Garrique,tgarriquehx@amazon.co.jp,Female,181.122.252.164
647,Mela,Christophers,mchristophershy@forbes.com,Female,137.70.45.248
648,Jard,Birchall,jbirchallhz@ifeng.com,Male,114.242.121.159
649,Eadmund,Shegog,eshegogi0@wiley.com,Polygender,72.228.183.0
650,Sybille,Boik,sboiki1@imageshack.us,Male,64.102.125.140
651,Michelina,Pires,mpiresi2@wunderground.com,Male,213.222.40.52
652,Netta,LAbbet,nlabbeti3@csmonitor.com,Female,208.190.96.250
653,Gregg,Mussett,gmussetti4@biglobe.ne.jp,Male,84.93.216.166
654,Dave,Succamore,dsuccamorei5@oaic.gov.au,Male,71.170.245.165
655,Christalle,Brassington,cbrassingtoni6@t.co,Male,11.236.204.253
656,Cass,Farenden,cfarendeni7@unblog.fr,Male,174.177.247.194
657,Maddie,Zylberdik,mzylberdiki8@macromedia.com,Male,187.50.29.103
658,Damon,Cropper,dcropperi9@multiply.com,Male,177.74.218.15
659,Nil,Arnaudot,narnaudotia@omniture.com,Male,115.137.138.168
660,Marika,Stringer,mstringerib@twitter.com,Male,39.153.165.245
661,Sloane,Costell,scostellic@sitemeter.com,Male,205.167.96.183
662,Clarance,Dovey,cdoveyid@technorati.com,Female,71.127.55.47
663,Ban,Clench,bclenchie@wufoo.com,Female,167.12.241.45
664,Diego,McKeran,dmckeranif@wikispaces.com,Non-binary,157.204.10.60
665,Bevan,Aldous,baldousig@ox.ac.uk,Female,94.167.168.61
666,Roxi,Wayvill,rwayvillih@google.ru,Bigender,29.193.142.48
667,Selestina,Nielson,snielsonii@psu.edu,Female,38.47.190.196
668,Cory,Tuhy,ctuhyij@usda.gov,Male,247.126.101.162
669,Emmery,Dering,ederingik@paginegialle.it,Female,66.113.238.109
670,Constance,Greatrex,cgreatrexil@timesonline.co.uk,Male,96.36.69.205
671,Eugenius,Boddis,eboddisim@yellowbook.com,Male,204.96.1.141
672,Tamas,McCreary,tmccrearyin@nps.gov,Female,222.69.139.117
673,Goddart,Sheekey,gsheekeyio@spiegel.de,Genderfluid,160.61.222.37
674,Galven,Scowcroft,gscowcroftip@huffingtonpost.com,Polygender,178.177.108.61
675,Lucio,Shirlaw,lshirlawiq@princeton.edu,Female,125.7.11.129
676,Jordain,Mapplebeck,jmapplebeckir@va.gov,Male,57.195.143.83
677,Alena,Borthe,abortheis@census.gov,Male,138.77.14.227
678,Shandra,Bartczak,sbartczakit@devhub.com,Female,69.23.138.116
679,Trefor,Pennrington,tpennringtoniu@vkontakte.ru,Male,238.206.62.44
680,Fredi,Matschke,fmatschkeiv@joomla.org,Female,175.231.18.161
681,Jillana,Lamburn,jlamburniw@yale.edu,Male,156.139.41.97
682,Sauveur,Bosley,sbosleyix@clickbank.net,Female,214.103.103.114
683,Jillian,Scoble,jscobleiy@toplist.cz,Male,46.75.16.9
684,Elsey,D'Angeli,edangeliiz@yandex.ru,Female,169.145.202.43
685,Kerwin,Rochford,krochfordj0@shop-pro.jp,Polygender,8.180.218.236
686,Jedd,Perton,jpertonj1@house.gov,Genderqueer,165.249.219.58
687,Jody,Otson,jotsonj2@salon.com,Female,129.12.108.35
688,Jeanna,Linscott,jlinscottj3@narod.ru,Male,40.216.135.187
689,Fern,Dighton,fdightonj4@drupal.org,Male,16.9.145.190
690,Gradeigh,Beaman,gbeamanj5@paypal.com,Female,133.21.121.90
691,Fenelia,Sperling,fsperlingj6@issuu.com,Female,92.152.221.35
692,Berenice,Chiswell,bchiswellj7@skyrock.com,Male,163.165.49.196
693,Loree,Witherden,lwitherdenj8@so-net.ne.jp,Male,165.89.194.4
694,Krispin,Metherell,kmetherellj9@ted.com,Female,21.172.143.148
695,Maitilde,Goreway,mgorewayja@toplist.cz,Male,30.46.52.211
696,Roddy,Bradman,rbradmanjb@soundcloud.com,Bigender,97.153.212.105
697,Papagena,Poulett,ppoulettjc@archive.org,Female,90.91.87.230
698,Meredeth,Younie,myouniejd@huffingtonpost.com,Male,222.156.24.27
699,Fernanda,Leyshon,fleyshonje@examiner.com,Female,238.122.219.240
700,Alard,Kermannes,akermannesjf@guardian.co.uk,Female,8.146.34.64
701,Tania,Rounds,troundsjg@boston.com,Female,182.118.47.151
702,Cordell,Fisby,cfisbyjh@wisc.edu,Male,212.223.134.197
703,Larry,Carabet,lcarabetji@engadget.com,Female,152.143.18.145
704,Antoni,Barham,abarhamjj@ustream.tv,Male,188.255.128.121
705,Kayne,McQueen,kmcqueenjk@privacy.gov.au,Male,96.56.135.130
706,Benedicta,Slimming,bslimmingjl@163.com,Male,91.33.79.56
707,Devin,Baszkiewicz,dbaszkiewiczjm@imdb.com,Male,78.168.149.136
708,Sadie,Cordell,scordelljn@51.la,Male,169.185.1.247
709,Marybeth,Dyball,mdyballjo@google.co.jp,Male,164.65.184.167
710,Sadye,Isaq,sisaqjp@issuu.com,Female,121.219.251.28
711,Julian,Bernolet,jbernoletjq@kickstarter.com,Female,4.79.189.246
712,Calhoun,Rupel,crupeljr@adobe.com,Male,70.174.202.173
713,Sherwynd,Raithbie,sraithbiejs@tripadvisor.com,Female,28.74.219.148
714,Martica,Colclough,mcolcloughjt@google.com.hk,Male,75.132.130.12
715,Rubin,Spuner,rspunerju@time.com,Male,219.245.5.18
716,Gerome,Gurry,ggurryjv@unc.edu,Female,153.233.253.137
717,Dianemarie,Martusewicz,dmartusewiczjw@ebay.com,Male,80.147.87.104
718,Avril,Sarten,asartenjx@epa.gov,Female,200.181.88.185
719,Filippa,Seater,fseaterjy@youtu.be,Female,68.154.237.99
720,Hayes,Koles,hkolesjz@canalblog.com,Female,229.42.43.199
721,Orion,Gonzales,ogonzalesk0@is.gd,Male,132.67.12.52
722,Dulciana,Wife,dwifek1@google.fr,Male,101.226.232.192
723,Orren,Skelding,oskeldingk2@stumbleupon.com,Male,109.87.254.91
724,Hermine,Vallens,hvallensk3@example.com,Female,88.133.114.100
725,Judas,Langeren,jlangerenk4@blogtalkradio.com,Male,172.138.245.166
726,Michaelina,Scoffins,mscoffinsk5@google.co.uk,Agender,180.25.64.39
727,Trevor,Bode,tbodek6@feedburner.com,Male,218.226.226.158
728,Shaughn,Cogdell,scogdellk7@soup.io,Female,31.197.247.221
729,Adrien,Cordingley,acordingleyk8@omniture.com,Female,41.20.6.159
730,Anya,Dilgarno,adilgarnok9@techcrunch.com,Non-binary,67.250.122.66
731,Catharine,Portman,cportmanka@seesaa.net,Agender,138.1.85.224
732,Katharina,Cammis,kcammiskb@lycos.com,Male,122.133.158.187
733,Linn,Woodall,lwoodallkc@skype.com,Female,111.166.132.32
734,Leonhard,Goffe,lgoffekd@mashable.com,Male,37.3.252.72
735,Cherye,Gooderidge,cgooderidgeke@booking.com,Male,244.215.124.78
736,Edd,Iacobassi,eiacobassikf@sakura.ne.jp,Male,12.160.120.183
737,Jocelyn,Vigrass,jvigrasskg@ustream.tv,Male,241.160.76.89
738,Onfre,Bantock,obantockkh@paypal.com,Female,214.160.32.140
739,Calv,Paradyce,cparadyceki@umich.edu,Bigender,165.49.0.97
740,Mitch,Etherton,methertonkj@live.com,Male,48.217.210.185
741,Falito,Brobeck,fbrobeckkk@constantcontact.com,Female,18.204.136.110
742,Jolee,Necrews,jnecrewskl@senate.gov,Female,151.255.79.109
743,Livvyy,Brodway,lbrodwaykm@vkontakte.ru,Female,85.16.7.8
744,Vasilis,Sciacovelli,vsciacovellikn@mapy.cz,Male,183.177.208.55
745,Elga,Astbury,eastburyko@globo.com,Male,192.53.138.164
746,Sheila,Semonin,ssemoninkp@unblog.fr,Female,236.145.245.108
747,Merwyn,Dana,mdanakq@omniture.com,Male,153.119.187.99
748,Olivia,Tarquini,otarquinikr@xing.com,Female,17.143.246.111
749,Brett,Gow,bgowks@prnewswire.com,Agender,229.10.164.25
750,Gilligan,Harrod,gharrodkt@exblog.jp,Male,96.209.180.54
751,Randy,Chuter,rchuterku@ameblo.jp,Male,243.9.92.153
752,Roderich,Wimpress,rwimpresskv@mac.com,Female,200.199.66.25
753,Wendell,Blackley,wblackleykw@ifeng.com,Male,18.162.58.238
754,Silvio,Parnham,sparnhamkx@pcworld.com,Male,228.41.147.19
755,Vivyanne,Marflitt,vmarflittky@blogs.com,Female,112.163.28.251
756,Odele,Gulley,ogulleykz@merriam-webster.com,Female,20.133.88.5
757,Gorden,Seabert,gseabertl0@netlog.com,Male,188.180.134.248
758,Susy,Meffen,smeffenl1@fema.gov,Bigender,11.73.179.146
759,Ford,Foulis,ffoulisl2@netlog.com,Female,136.61.179.64
760,Estelle,Kidd,ekiddl3@cnn.com,Female,242.51.201.67
761,Carling,Sustins,csustinsl4@yolasite.com,Female,171.148.191.226
762,Lorilyn,Piniur,lpiniurl5@artisteer.com,Female,130.149.65.221
763,Reider,Lanphere,rlanpherel6@chicagotribune.com,Agender,148.166.60.177
764,Gaby,Murra,gmurral7@ycombinator.com,Female,181.34.57.31
765,Gan,Cottem,gcotteml8@berkeley.edu,Female,131.222.129.190
766,Herc,Milam,hmilaml9@cdc.gov,Male,52.120.138.191
767,Ruggiero,Skerratt,rskerrattla@typepad.com,Female,113.80.166.167
768,Grazia,Rapier,grapierlb@home.pl,Male,237.93.221.89
769,Heather,Christofor,hchristoforlc@last.fm,Female,79.179.191.252
770,Genny,Bandey,gbandeyld@freewebs.com,Female,97.89.69.232
771,Lidia,Shieber,lshieberle@europa.eu,Male,252.168.250.129
772,Idaline,Thurlby,ithurlbylf@yandex.ru,Male,143.167.250.220
773,Frederik,Orum,forumlg@jiathis.com,Male,204.252.122.98
774,Tamma,Frane,tfranelh@cam.ac.uk,Female,183.83.157.122
775,Spenser,Haseley,shaseleyli@domainmarket.com,Male,228.237.142.0
776,Hunfredo,Crafts,hcraftslj@squidoo.com,Polygender,144.119.89.0
777,Jeni,O'Siaghail,josiaghaillk@gnu.org,Female,210.184.120.175
778,Nanci,Altofts,naltoftsll@admin.ch,Female,19.35.113.107
779,Elmo,Humberstone,ehumberstonelm@illinois.edu,Male,208.96.61.202
780,Cornie,Keele,ckeeleln@trellian.com,Female,152.142.255.91
781,Galvin,Prendiville,gprendivillelo@columbia.edu,Female,2.109.180.12
782,Gav,Biss,gbisslp@amazon.de,Genderfluid,33.13.134.161
783,Hadley,Manicomb,hmanicomblq@reference.com,Female,15.14.166.220
784,Malvin,Edinboro,medinborolr@blogtalkradio.com,Male,255.180.155.167
785,Reeva,Moorman,rmoormanls@europa.eu,Female,112.172.50.62
786,Ree,Coulman,rcoulmanlt@paginegialle.it,Male,196.186.124.91
787,Quinlan,Yeiles,qyeileslu@1688.com,Male,80.7.58.251
788,Tiffie,Veel,tveellv@unicef.org,Female,83.40.248.88
789,Thaddus,Rentoul,trentoullw@google.pl,Female,132.223.166.89
790,Demetre,Tire,dtirelx@apache.org,Male,6.203.71.77
791,Renato,Chaimson,rchaimsonly@free.fr,Male,202.146.251.107
792,Jephthah,Gommowe,jgommowelz@paginegialle.it,Male,7.238.41.109
793,Tadio,Pol,tpolm0@un.org,Male,161.225.148.89
794,Worden,Hamerton,whamertonm1@harvard.edu,Male,60.90.150.189
795,Janey,Gulliford,jgullifordm2@livejournal.com,Agender,66.176.177.104
796,Caty,Betz,cbetzm3@etsy.com,Male,110.67.239.219
797,Taddeusz,Husk,thuskm4@sciencedirect.com,Male,7.243.38.153
798,Ebeneser,Errey,eerreym5@oakley.com,Female,94.11.214.140
799,Sheffy,Nuttall,snuttallm6@nationalgeographic.com,Female,131.109.140.117
800,Garrard,Chrstine,gchrstinem7@weather.com,Female,54.133.101.228
801,Basil,Tattersall,btattersallm8@sina.com.cn,Female,18.17.202.180
802,Talbot,Jelk,tjelkm9@telegraph.co.uk,Female,37.99.170.245
803,Belita,Wimbridge,bwimbridgema@kickstarter.com,Bigender,161.7.202.196
804,Ernestus,Locks,elocksmb@reverbnation.com,Female,87.231.39.61
805,Evelyn,Leopold,eleopoldmc@scribd.com,Female,145.14.13.233
806,Vivi,Tommaseo,vtommaseomd@ow.ly,Female,206.33.192.27
807,Brodie,Curtis,bcurtisme@usa.gov,Female,71.41.7.64
808,Matthus,Gautrey,mgautreymf@dell.com,Female,14.196.141.200
809,Fraser,Grebbin,fgrebbinmg@dailymotion.com,Male,35.151.47.1
810,Sharity,Carcass,scarcassmh@hatena.ne.jp,Male,238.50.225.83
811,Shellie,Riggert,sriggertmi@cdc.gov,Male,11.88.220.217
812,Dewain,Buchanan,dbuchananmj@blog.com,Male,247.225.117.195
813,Constanta,Jeffress,cjeffressmk@surveymonkey.com,Male,206.248.148.206
814,Kally,Ginnell,kginnellml@multiply.com,Male,110.25.110.141
815,Antonius,Rapley,arapleymm@alexa.com,Male,19.105.92.143
816,Yul,Woodburn,ywoodburnmn@unblog.fr,Male,12.217.53.202
817,Shepherd,St. John,sstjohnmo@imdb.com,Male,2.124.228.203
818,Balduin,Castella,bcastellamp@uiuc.edu,Non-binary,150.104.19.187
819,Art,Vynall,avynallmq@adobe.com,Female,205.146.54.9
820,Harriott,Kiely,hkielymr@slideshare.net,Male,12.121.181.11
821,Eloise,Whaymand,ewhaymandms@shutterfly.com,Female,19.173.23.119
822,Kariotta,Giacomi,kgiacomimt@bbb.org,Male,201.63.62.41
823,Ransell,Wightman,rwightmanmu@apache.org,Polygender,59.169.110.201
824,Glad,Mundford,gmundfordmv@ifeng.com,Male,56.59.53.92
825,Rafaello,Gulston,rgulstonmw@cnet.com,Female,226.234.114.29
826,Pavel,Twinbourne,ptwinbournemx@angelfire.com,Female,3.14.247.83
827,Bridgette,Denekamp,bdenekampmy@simplemachines.org,Male,121.255.162.255
828,Tasha,Rogger,troggermz@ebay.co.uk,Female,145.51.158.16
829,Laurice,Childs,lchildsn0@nbcnews.com,Female,35.80.186.156
830,Emogene,Marages,emaragesn1@japanpost.jp,Male,222.194.235.41
831,Kellia,Gipp,kgippn2@woothemes.com,Female,95.152.197.201
832,Worth,Alchin,walchinn3@yellowbook.com,Male,1.139.87.251
833,Tyler,Pinsent,tpinsentn4@answers.com,Male,120.186.253.224
834,Dido,Yewen,dyewenn5@cpanel.net,Female,195.147.199.28
835,Eberto,Secret,esecretn6@homestead.com,Female,169.174.133.130
836,Ward,O'Codihie,wocodihien7@com.com,Female,172.97.135.250
837,Sydney,Collick,scollickn8@harvard.edu,Female,20.26.119.102
838,Timothea,Errichi,terrichin9@rediff.com,Male,191.88.28.90
839,Morris,Judd,mjuddna@rambler.ru,Polygender,7.24.141.22
840,Ashlin,Noblet,anobletnb@1688.com,Female,127.246.110.130
841,Fritz,Minthorpe,fminthorpenc@theatlantic.com,Female,255.106.119.184
842,Erwin,Gash,egashnd@cnn.com,Male,53.11.104.154
843,Guenna,Yantsev,gyantsevne@clickbank.net,Male,37.212.155.205
844,Nicolas,Collopy,ncollopynf@cpanel.net,Female,218.16.144.76
845,Belva,Mersh,bmershng@rediff.com,Female,91.60.68.41
846,Mariya,Stroud,mstroudnh@nifty.com,Female,50.206.185.41
847,Julianna,Eaglestone,jeaglestoneni@admin.ch,Male,201.103.76.9
848,Roman,Halsall,rhalsallnj@topsy.com,Female,166.223.235.175
849,Alys,Mount,amountnk@networksolutions.com,Male,178.109.80.183
850,Mitchel,Gilli,mgillinl@state.tx.us,Male,126.122.144.175
851,Stefania,Kernoghan,skernoghannm@bizjournals.com,Male,190.73.42.52
852,Modesty,Snoddin,msnoddinnn@so-net.ne.jp,Female,117.93.61.255
853,Rickie,Mackro,rmackrono@unblog.fr,Female,218.12.219.3
854,Ddene,Kenyon,dkenyonnp@upenn.edu,Male,212.122.57.81
855,Kassia,Clare,kclarenq@accuweather.com,Male,198.182.235.144
856,Gretta,Libbis,glibbisnr@wunderground.com,Male,9.147.13.203
857,Karrah,Worvill,kworvillns@cnbc.com,Female,135.182.58.90
858,Manda,Alloisi,malloisint@marketwatch.com,Female,108.168.85.66
859,Wells,Peizer,wpeizernu@cbslocal.com,Male,116.249.142.64
860,Dion,Cleave,dcleavenv@samsung.com,Male,150.234.96.199
861,Loren,Rowlett,lrowlettnw@webmd.com,Male,18.145.101.209
862,Nevile,Norcross,nnorcrossnx@sbwire.com,Female,99.88.34.29
863,Kinnie,Franzelini,kfranzelininy@joomla.org,Bigender,8.199.254.63
864,Sarine,Krochmann,skrochmannnz@dagondesign.com,Male,161.79.125.86
865,Odille,Ambroise,oambroiseo0@nhs.uk,Male,205.127.9.138
866,Colette,Kilminster,ckilminstero1@ibm.com,Female,110.118.155.65
867,Susie,Minnette,sminnetteo2@webmd.com,Female,21.31.76.206
868,Raf,Dinjes,rdinjeso3@tinypic.com,Male,104.183.180.83
869,Lisetta,Battill,lbattillo4@over-blog.com,Female,74.194.222.20
870,Rowan,Garred,rgarredo5@dell.com,Male,85.208.125.58
871,Tremain,Bartholomieu,tbartholomieuo6@ycombinator.com,Male,80.119.97.71
872,Fabian,Plows,fplowso7@amazon.co.uk,Female,72.37.42.6
873,Maribeth,Dossett,mdossetto8@ucsd.edu,Polygender,70.24.170.67
874,Gabi,Joney,gjoneyo9@noaa.gov,Female,39.85.224.126
875,Ceciley,Dickey,cdickeyoa@list-manage.com,Male,182.70.118.135
876,Bronny,Shercliff,bshercliffob@slate.com,Male,94.2.226.178
877,Essie,Fowley,efowleyoc@ifeng.com,Female,208.248.43.18
878,Annmarie,Kensley,akensleyod@sina.com.cn,Female,9.65.214.50
879,Nady,Baggelley,nbaggelleyoe@hp.com,Male,98.79.57.184
880,Lazaro,Brussels,lbrusselsof@whitehouse.gov,Female,101.143.49.23
881,Bryana,Hoy,bhoyog@abc.net.au,Female,103.226.221.132
882,Shayna,Bartels,sbartelsoh@homestead.com,Male,133.25.78.118
883,Josselyn,Scutt,jscuttoi@prnewswire.com,Female,26.194.138.43
884,Rozanna,Durtnall,rdurtnalloj@storify.com,Female,154.8.60.64
885,Claybourne,Goodbarr,cgoodbarrok@list-manage.com,Male,128.43.80.124
886,Sarette,Pierucci,spierucciol@cisco.com,Female,247.6.96.88
887,Paolina,Hembrow,phembrowom@home.pl,Male,113.100.220.38
888,Moritz,Wardlaw,mwardlawon@ning.com,Female,128.162.78.158
889,Emmery,O'Cahill,eocahilloo@barnesandnoble.com,Female,103.212.250.169
890,Darnell,Rye,dryeop@bandcamp.com,Male,93.118.235.141
891,Gertrud,Draxford,gdraxfordoq@unblog.fr,Female,109.119.69.136
892,Everett,Bisp,ebispor@angelfire.com,Male,117.16.196.198
893,Jayme,Schimpke,jschimpkeos@yellowbook.com,Female,53.90.81.40
894,Cherida,Wermerling,cwermerlingot@census.gov,Female,10.182.13.119
895,Camilla,Pooley,cpooleyou@mozilla.org,Male,70.171.77.240
896,Garv,Coogan,gcooganov@themeforest.net,Male,25.34.66.7
897,Hobey,Atte-Stone,hattestoneow@sitemeter.com,Male,215.96.3.82
898,Creigh,Midford,cmidfordox@irs.gov,Male,15.222.8.204
899,Felic,Coston,fcostonoy@noaa.gov,Genderqueer,220.234.40.182
900,Durant,Lattka,dlattkaoz@latimes.com,Male,38.71.25.114
901,Louise,Kennady,lkennadyp0@spotify.com,Female,70.219.47.58
902,Jania,Aldus,jaldusp1@flickr.com,Male,146.60.69.146
903,Maximilian,Willmore,mwillmorep2@arstechnica.com,Male,132.82.125.135
904,Lodovico,Scrimshire,lscrimshirep3@pbs.org,Female,183.202.173.160
905,Gretna,Olliff,golliffp4@shutterfly.com,Female,70.133.188.35
906,Pavel,Luckman,pluckmanp5@yale.edu,Male,102.221.14.248
907,Martelle,Mcimmie,mmcimmiep6@quantcast.com,Female,2.190.144.84
908,Stanislaus,Harrington,sharringtonp7@yolasite.com,Non-binary,237.110.16.176
909,Terri,Reolfi,treolfip8@google.com.hk,Male,107.214.72.172
910,Dori,Beadel,dbeadelp9@e-recht24.de,Female,58.44.6.122
911,Arabele,Barnby,abarnbypa@google.co.jp,Female,192.14.56.73
912,Ernestus,Angrock,eangrockpb@tinypic.com,Female,64.68.17.6
913,Doy,Einchcombe,deinchcombepc@wikispaces.com,Male,163.209.181.33
914,Feodor,Czajkowska,fczajkowskapd@dot.gov,Male,192.92.85.161
915,Melisa,Meachen,mmeachenpe@wunderground.com,Male,3.149.116.95
916,Basia,Luxford,bluxfordpf@free.fr,Female,55.252.70.75
917,Leonanie,Altimas,laltimaspg@yahoo.co.jp,Female,41.147.4.121
918,Maggy,Fishbourn,mfishbournph@usatoday.com,Male,217.229.70.50
919,Sax,O'Heagertie,soheagertiepi@comsenz.com,Male,193.9.202.27
920,Charlton,Weatherell,cweatherellpj@aboutads.info,Male,55.35.191.220
921,Aurelea,Maulin,amaulinpk@vinaora.com,Male,88.41.220.140
922,Chucho,Barlow,cbarlowpl@time.com,Female,166.156.163.235
923,Dinnie,Pedlow,dpedlowpm@smugmug.com,Female,146.104.77.33
924,Danit,Mallindine,dmallindinepn@globo.com,Female,143.132.142.178
925,Kinna,Sommerville,ksommervillepo@slate.com,Male,253.185.249.28
926,Logan,Gosnall,lgosnallpp@addthis.com,Female,82.38.191.96
927,Hazel,Aspinall,haspinallpq@sitemeter.com,Female,169.223.43.48
928,Aubry,Bonavia,abonaviapr@github.io,Male,84.96.79.128
929,Kayne,Kemsley,kkemsleyps@flickr.com,Female,27.202.94.133
930,Casey,Oager,coagerpt@java.com,Male,78.39.139.118
931,Dreddy,Larenson,dlarensonpu@intel.com,Female,221.55.180.197
932,Darby,Proby,dprobypv@webeden.co.uk,Male,125.97.81.40
933,Babette,Kob,bkobpw@un.org,Female,71.5.58.225
934,Ashlen,Linsay,alinsaypx@imdb.com,Female,158.227.129.64
935,Thorstein,Gibbard,tgibbardpy@nymag.com,Female,209.149.44.109
936,Sayre,Waterstone,swaterstonepz@simplemachines.org,Male,9.21.7.236
937,Harlin,Lovitt,hlovittq0@si.edu,Female,176.175.177.243
938,Sanson,Bennion,sbennionq1@usnews.com,Male,192.168.168.188
939,Ferguson,Becker,fbeckerq2@clickbank.net,Male,151.147.177.52
940,Thoma,Cescon,tcesconq3@ted.com,Male,35.208.169.134
941,Elissa,Duley,eduleyq4@booking.com,Male,195.223.206.222
942,Sebastien,Nanninini,snannininiq5@dion.ne.jp,Female,232.234.111.188
943,Nicolea,Conrart,nconrartq6@ibm.com,Genderfluid,145.71.53.177
944,Shea,Manby,smanbyq7@bloglovin.com,Male,91.63.241.164
945,Lissa,Hainey`,lhaineyq8@fotki.com,Female,93.122.126.166
946,Karoline,Duigenan,kduigenanq9@nasa.gov,Female,9.115.9.76
947,Barnabe,Siebert,bsiebertqa@xrea.com,Female,82.108.236.250
948,Zena,Handford,zhandfordqb@cnbc.com,Agender,244.146.252.34
949,Lisabeth,Truwert,ltruwertqc@apache.org,Male,78.58.77.29
950,Wilma,Davydychev,wdavydychevqd@ucoz.ru,Female,159.117.48.169
951,Sherman,Swift,sswiftqe@cyberchimps.com,Agender,80.55.185.82
952,Korney,Sissland,ksisslandqf@infoseek.co.jp,Female,169.239.54.41
953,Karoline,Liccardo,kliccardoqg@dmoz.org,Polygender,79.160.151.62
954,Jenifer,Moules,jmoulesqh@tiny.cc,Male,223.182.223.226
955,Boycey,Lawtey,blawteyqi@tinyurl.com,Female,48.80.233.104
956,Marthe,Cornforth,mcornforthqj@ox.ac.uk,Female,66.56.41.207
957,Victoir,Airy,vairyqk@statcounter.com,Bigender,96.237.167.124
958,Gayle,Illidge,gillidgeql@slashdot.org,Female,45.100.40.169
959,Llewellyn,Mandal,lmandalqm@marketwatch.com,Female,94.67.95.130
960,Raynor,Askam,raskamqn@ucoz.com,Male,8.1.183.71
961,Llewellyn,Le Strange,llestrangeqo@sitemeter.com,Female,153.234.147.244
962,Belinda,Hymers,bhymersqp@ed.gov,Female,253.166.137.109
963,Justina,Woodnutt,jwoodnuttqq@cloudflare.com,Female,172.248.44.234
964,Ingram,Lyard,ilyardqr@example.com,Female,228.185.202.139
965,Patten,Lendon,plendonqs@vistaprint.com,Female,180.28.151.68
966,Gwyn,Kevane,gkevaneqt@scribd.com,Male,200.45.37.172
967,Vannie,Dimmne,vdimmnequ@unesco.org,Female,73.112.181.106
968,Denise,Gahan,dgahanqv@nba.com,Male,64.203.155.49
969,Hartwell,Habbin,hhabbinqw@bluehost.com,Genderfluid,39.2.55.66
970,Dacy,Aveline,davelineqx@abc.net.au,Male,37.158.208.159
971,Evy,Pearl,epearlqy@nasa.gov,Female,214.22.149.24
972,Upton,Sandilands,usandilandsqz@cmu.edu,Agender,166.97.218.90
973,Jed,Cloney,jcloneyr0@sciencedaily.com,Male,242.49.48.242
974,Isidor,Saxton,isaxtonr1@blogs.com,Male,105.79.60.66
975,Clarissa,Timewell,ctimewellr2@latimes.com,Female,92.116.229.39
976,Sigfrid,Ewbanche,sewbancher3@myspace.com,Female,82.0.24.8
977,Carrol,Kuhn,ckuhnr4@theglobeandmail.com,Male,175.215.149.209
978,Ynez,Girodias,ygirodiasr5@webeden.co.uk,Male,24.40.155.233
979,Emmalynne,Branno,ebrannor6@bandcamp.com,Genderfluid,179.112.214.58
980,Rutledge,Yu,ryur7@bandcamp.com,Female,134.226.106.68
981,Bria,Dike,bdiker8@yahoo.com,Male,31.236.229.15
982,Breanne,Gaunson,bgaunsonr9@skype.com,Female,175.107.222.234
983,Celia,Sayton,csaytonra@tinypic.com,Male,226.119.4.227
984,Melisenda,Urlich,murlichrb@about.com,Female,129.182.55.184
985,Ally,Paling,apalingrc@cyberchimps.com,Female,43.72.89.239
986,Florence,Cameli,fcamelird@123-reg.co.uk,Male,226.89.81.30
987,Elsi,Conibear,econibearre@skype.com,Bigender,135.214.123.164
988,Catlin,Gimbart,cgimbartrf@fastcompany.com,Female,188.9.69.99
989,Daisey,Stapleton,dstapletonrg@answers.com,Female,92.185.17.19
990,Jodie,Blackater,jblackaterrh@symantec.com,Male,239.203.41.101
991,Martelle,Tew,mtewri@wunderground.com,Female,123.235.93.121
992,Juan,Bielfeld,jbielfeldrj@webmd.com,Female,156.178.168.150
993,Mattheus,O'Crevy,mocrevyrk@nationalgeographic.com,Male,198.177.81.7
994,Case,Speechley,cspeechleyrl@imgur.com,Female,27.198.43.143
995,Tamas,Fincken,tfinckenrm@blogger.com,Male,30.80.185.174
996,Violet,Furmonger,vfurmongerrn@nih.gov,Female,119.125.145.182
997,Adham,Marfe,amarfero@so-net.ne.jp,Male,219.0.90.175
998,Caterina,Willock,cwillockrp@tiny.cc,Female,5.19.249.178
999,York,Dunk,ydunkrq@geocities.com,Male,171.23.64.132
1000,Beckie,Gypps,bgyppsrr@prnewswire.com,Female,194.235.172.195
